title,link
2017年01期目录,[]
从Geomatics到Urban Informatics,http://ch.whu.edu.cn:80/cn/article/doi/10.13203/j.whugis20160200?viewType=HTML
陆地观测卫星数据中心:大数据挑战及一种解决方案,http://ch.whu.edu.cn:80/cn/article/doi/10.13203/j.whugis20150172?viewType=HTML
利用社交媒体数据模拟城市空气质量趋势面,http://ch.whu.edu.cn:80/cn/article/doi/10.13203/j.whugis20150401?viewType=HTML
大规模轨迹数据的Geohash编码组织及高效范围查询,http://ch.whu.edu.cn:80/cn/article/doi/10.13203/j.whugis20150175?viewType=HTML
利用CryEngine构建虚拟地理环境,http://ch.whu.edu.cn:80/cn/article/doi/10.13203/j.whugis20140768?viewType=HTML
一种顾及拓扑关系的室内三维模型组织和调度方法,http://ch.whu.edu.cn:80/cn/article/doi/10.13203/j.whugis20140798?viewType=HTML
顾及地标可视性的室内导航路径优化算法,http://ch.whu.edu.cn:80/cn/article/doi/10.13203/j.whugis20150387?viewType=HTML
顾及手机基站分布的核密度估计城市人群时空停留分布,http://ch.whu.edu.cn:80/cn/article/doi/10.13203/j.whugis20150646?viewType=HTML
利用浮动车大数据进行稀疏路段行程时间推断,http://ch.whu.edu.cn:80/cn/article/doi/10.13203/j.whugis20150425?viewType=HTML
城市手机用户移动轨迹时空熵特征分析,http://ch.whu.edu.cn:80/cn/article/doi/10.13203/j.whugis20160203?viewType=HTML
顾及轨迹地理方向的监控视频浓缩方法,http://ch.whu.edu.cn:80/cn/article/doi/10.13203/j.whugis20160080?viewType=HTML
一种路网拓扑约束下的增量型地图匹配算法,http://ch.whu.edu.cn:80/cn/article/doi/10.13203/j.whugis20150016?viewType=HTML
利用人体部位特征重要性进行行人再识别,http://ch.whu.edu.cn:80/cn/article/doi/10.13203/j.whugis20150551?viewType=HTML
月表空间环境因子动态建模驱动的探测区选取,http://ch.whu.edu.cn:80/cn/article/doi/10.13203/j.whugis20140647?viewType=HTML
数字建筑模型整体投影真正射影像制作中的遮蔽检测方法,http://ch.whu.edu.cn:80/cn/article/doi/10.13203/j.whugis20140660?viewType=HTML
激光站在星载雷达高度计绝对定标中的应用,http://ch.whu.edu.cn:80/cn/article/doi/10.13203/j.whugis20140542?viewType=HTML
利用三视匹配元进行多视影像批处理重建,http://ch.whu.edu.cn:80/cn/article/doi/10.13203/j.whugis20140672?viewType=HTML
利用Landsat TM影像进行地表温度像元分解,http://ch.whu.edu.cn:80/cn/article/doi/10.13203/j.whugis20140604?viewType=HTML
利用Delaunay细分进行噪声点云曲面重建,http://ch.whu.edu.cn:80/cn/article/doi/10.13203/j.whugis20140513?viewType=HTML
共享内存环境下的并行质量引导相位解缠,http://ch.whu.edu.cn:80/cn/article/doi/10.13203/j.whugis20140728?viewType=HTML
利用多源重力观测数据反演渤海湾地区构造应力场,http://ch.whu.edu.cn:80/cn/article/doi/10.13203/j.whugis20140743?viewType=HTML
